CREATE TABLE IF NOT EXISTS labs
(
    id      bigint GENERATED BY DEFAULT AS IDENTITY PRIMARY KEY,
    title   text not null,
    author  uuid not null,
    lecture text not null,
    formule text not null
);

-- Добавляем фейковые данные
INSERT INTO labs (title, author, lecture, formule)
VALUES ('Лабораторная работа по физике', 'a0eebc99-9c0b-4ef8-bb6d-6bb9bd380a11', '<h1>что-то</h1><p><strong>Таблица</strong> (от лат. tabula — доска) — <strong>способ структурирования данных</strong>, который предполагает распределение информации по однотипным строкам и столбцам (графам). &nbsp;1</p><p style="text-align: left"><strong>Некоторые элементы таблицы</strong>:</p><ul><li><p><strong>Строки</strong>. В них сравниваются между собой какие-либо элементы: отметки, значения температуры воздуха или воды, стоимость, количество и т. д..&nbsp;3</p></li><li><p><strong>Столбцы</strong>. Отражают свойства, по которым происходит сравнение: пол, возраст, город и т. д..&nbsp;3</p></li><li><p><strong>Заголовок таблицы</strong>. Определяет название или назначение таблицы.&nbsp;3</p></li><li><p><strong>Ячейка</strong>. Находится на пересечении строки и столбца, содержит информацию в числовом, текстовом или другом виде.&nbsp;3</p></li></ul><p style="text-align: left">Таблицы широко используются в различных исследованиях и анализе данных. Встречаются в СМИ, в рукописных материалах, в компьютерных программах и в дорожных знаках.&nbsp;14sadfsadf</p><img class="editor-image" style="max-width: 100%; height: auto;" src="https://cdn1.ozone.ru/s3/multimedia-d/c600/6278532805.jpg"><table class="editor-table" style="min-width: 75px"><colgroup><col style="min-width: 25px"><col style="width: 25px"><col style="min-width: 25px"></colgroup><tbody><tr><th colspan="1" rowspan="1"><p></p></th><th colspan="1" rowspan="1" colwidth="25"><p style="text-align: center"></p></th><th colspan="1" rowspan="1"><p></p></th></tr><tr><td colspan="1" rowspan="1"><p></p></td><td colspan="1" rowspan="1" colwidth="25"><p></p></td><td colspan="1" rowspan="1"><p></p></td></tr><tr><td colspan="1" rowspan="1"><p></p></td><td colspan="1" rowspan="1" colwidth="25"><p></p></td><td colspan="1" rowspan="1"><p></p></td></tr></tbody></table>', 'F = m*a'),
       ('Лабораторная работа по химии', 'b1eebc99-9c0b-4ef8-bb6d-6bb9bd380a22', 'Органическая химия',
        'C6H12O6 → 2C2H5OH + 2CO2'),
       ('Лабораторная работа по математике', 'c2eebc99-9c0b-4ef8-bb6d-6bb9bd380a33', 'Дифференциальные уравнения',
        'dy/dx = k*y');

CREATE TABLE airplane_models (
                                 id SERIAL PRIMARY KEY,
                                 name VARCHAR(100) NOT NULL,
                                 manufacturer VARCHAR(100) NOT NULL,
                                 year INT,
                                 description TEXT
);

CREATE TABLE airplane_materials (
                                    id SERIAL PRIMARY KEY,
                                    airplane_model_id INT REFERENCES airplane_models(id) ON DELETE CASCADE,
                                    name VARCHAR(50) NOT NULL,
                                    description TEXT,
                                    color VARCHAR(7) DEFAULT '#FFFFFF'
);

-- Создаем таблицу моделей самолетов
CREATE TABLE airplane_models (
                                 id SERIAL PRIMARY KEY,
                                 name VARCHAR(100) NOT NULL,
                                 manufacturer VARCHAR(100) NOT NULL,
                                 year INTEGER,
                                 description TEXT,
                                 lecture_description TEXT,
                                 created_at TIMESTAMP DEFAULT CURRENT_TIMESTAMP,
                                 updated_at TIMESTAMP DEFAULT CURRENT_TIMESTAMP
);

-- Создаем таблицу материалов
CREATE TABLE airplane_materials (
                                    id SERIAL PRIMARY KEY,
                                    airplane_model_id INTEGER REFERENCES airplane_models(id) ON DELETE CASCADE,
                                    name VARCHAR(100) NOT NULL,
                                    description TEXT,
                                    color VARCHAR(7) DEFAULT '#FFFFFF',
                                    created_at TIMESTAMP DEFAULT CURRENT_TIMESTAMP
);

-- Добавляем Boeing 747
INSERT INTO airplane_models (id, name, manufacturer, year, description, lecture_description)
VALUES (
           1,
           'Boeing 747',
           'Boeing',
           1969,
           'Легендарный широкофюзеляжный самолёт',
           '
           <h3>Boeing 747 - Легенда авиации</h3>
           <p>Первый широкофюзеляжный авиалайнер, совершивший революцию в пассажирских перевозках.</p>
           <ul>
             <li>Двухпалубная компоновка (характерная "горбатость")</li>
             <li>Рекордная вместимость (до 660 пассажиров)</li>
             <li>Инновационные решения в аэродинамике</li>
           </ul>
           '
       );

-- Материалы Boeing 747
INSERT INTO airplane_materials (airplane_model_id, name, description, color)
VALUES
    (1, 'Алюминий', 'Основной материал корпуса', '#CCCCCC'),
    (1, 'Титан', 'Двигатели и крепления', '#999999'),
    (1, 'Композиты', 'Крылья и хвост', '#666666');

-- Добавляем Airbus A380
INSERT INTO airplane_models (id, name, manufacturer, year, description, lecture_description)
VALUES (
           2,
           'Airbus A380',
           'Airbus',
           2005,
           'Самый большой пассажирский самолет в мире',
           '
           <h3>Airbus A380 - Гигант небес</h3>
           <p>Технологический прорыв в гражданской авиации:</p>
           <ul>
             <li>Полностью двухпалубная компоновка</li>
             <li>Рекордная экономичность на пассажиро-километр</li>
             <li>25% конструкции из композитных материалов</li>
           </ul>
           '
       );

-- Материалы Airbus A380
INSERT INTO airplane_materials (airplane_model_id, name, description, color)
VALUES
    (2, 'Углепластик', 'Основной материал крыльев и фюзеляжа', '#333333'),
    (2, 'Глюалюминий', 'Силовые элементы конструкции', '#777777'),
    (2, 'Титановые сплавы', 'Двигатели и ответственные узлы', '#555555');

-- Добавляем МиГ-35
INSERT INTO airplane_models (id, name, manufacturer, year, description, lecture_description)
VALUES (
           3,
           'МиГ-35',
           'РСК "МиГ"',
           2019,
           'Многоцелевой истребитель 4++ поколения',
           '
           <h3>МиГ-35 — Современный российский многоцелевой истребитель</h3>

           <p><strong>МиГ-35</strong> представляет собой глубоко модернизированный истребитель, созданный на основе платформы МиГ-29. Он относится к поколению 4++ и предназначен для ведения боевых действий в условиях высокой плотности ПВО, а также в ближнем и среднем воздушном бою.</p>

           <h4>📜 История создания</h4>
           <p>Разработка МиГ-35 началась в начале 2000-х годов как ответ на растущую конкуренцию на рынке многоцелевых истребителей. Целью было создание машины, которая сочетала бы в себе высокую маневренность, современную электронику и относительную простоту обслуживания. Первый демонстратор был представлен в 2007 году на авиасалоне Aero India, а финальная серийная версия — в 2019 году.</p>

           <h4>🛠 Ключевые технические особенности</h4>
           <ul>
             <li><strong>БРЛС "Жук-АМ"</strong> — многофункциональная радиолокационная станция с активной фазированной антенной решёткой (АФАР).</li>
             <li><strong>Система РЭБ "Хибины"</strong> — современный комплекс радиоэлектронной борьбы, обеспечивающий защиту от ракет с радиолокационным наведением.</li>
             <li><strong>Двигатели РД-33МК</strong> с управляемым вектором тяги обеспечивают сверхманёвренность и возможность выполнения сложных фигур воздушного боя.</li>
             <li><strong>Современная авионика</strong> с интерфейсами по стандарту «стеклянной кабины» и расширенной возможностью обмена данными с другими средствами на поле боя.</li>
             <li><strong>Сниженная радиолокационная заметность</strong> за счёт использования радиопоглощающих материалов и оптимизированной формы конструкции.</li>
           </ul>

           <h4>🎯 Тактическое и стратегическое назначение</h4>
           <p>МиГ-35 предназначен как для завоевания превосходства в воздухе, так и для нанесения ударов по наземным и морским целям. Благодаря универсальности он может эффективно действовать как в составе истребительных эскадрилий, так и в одиночных миссиях. Машина способна нести широкий спектр вооружения, включая УР класса «воздух-воздух», корректируемые бомбы и ракеты класса «воздух-земля».</p>

           <h4>🌍 Экспортный потенциал</h4>
           <p>МиГ-35 также ориентирован на экспорт. Он является привлекательным предложением для стран, нуждающихся в высокотехнологичном, но более доступном по цене истребителе, чем представители 5-го поколения.</p>

           <h4>🔧 Обслуживание и эксплуатация</h4>
           <p>Одной из целей проекта было снижение эксплуатационных затрат. По сравнению с МиГ-29, новый истребитель получил увеличенный ресурс агрегатов, возможность модульного обслуживания и расширенную диагностику технического состояния.</p>

           <h4>🔚 Заключение</h4>
           <p>МиГ-35 — это попытка объединить лучшие черты советской инженерной школы с современными технологическими решениями. Это многоцелевой инструмент в руках командования, сочетающий в себе маневренность, огневую мощь и высокотехнологичные системы защиты и наведения.</p>
           '
       );

-- Материалы МиГ-35
INSERT INTO airplane_materials (airplane_model_id, name, description, color)
VALUES
    (3, 'Алюминиевые сплавы', 'Основной материал фюзеляжа', '#A0A0A0'),
    (3, 'Титан', 'Силовые элементы конструкции', '#888888'),
    (3, 'Композиты', 'Обшивка крыла и хвостового оперения', '#555555'),
    (3, 'Сталь', 'Шасси и элементы силовой установки', '#707070'),
    (3, 'Стекло', 'Фонарь кабины пилота', '#B0E0E6');
